seed,rmse_ica,rmse_mssa,rmse_ness,rmse_picog,rmse_sheinker,rmse_ream,rmse_ubss,rmse_waicup,rmse_b1,rmse_b2,corr_ica,corr_mssa,corr_ness,corr_picog,corr_sheinker,corr_ream,corr_ubss,corr_waicup,corr_b1,corr_b2,snr_ica,snr_mssa,snr_ness,snr_picog,snr_sheinker,snr_ream,snr_ubss,snr_waicup,snr_b1,snr_b2
0,[28.18311594 90.59778753 28.19460319],[24.66683599 16.15898827 13.33301686],[4.70626841 5.70440292 5.16971109],[ 74.82999348  63.6632831  136.64518242],[6.07239721 5.8517961  5.16074391],[43.05015736 34.75860736 57.40822348],[ 4.94230026 18.56477894  4.93048358],[ 9.3826574  11.19639048  5.40730128],[ 86.68718196  57.95481002 116.5538713 ],[10.45757562  9.82216119 13.01090542],[0.99318333 0.91597229 0.87472878],[0.99475431 0.99742158 0.97550165],[0.9998093  0.9996792  0.99607333],[0.95524034 0.96222882 0.38849642],[0.99968315 0.9996622  0.99606419],[0.98428522 0.98803345 0.70988023],[0.99978972 0.99670711 0.99642647],[0.99926276 0.99883863 0.99570678],[0.94135916 0.96836373 0.44668316],[0.99906019 0.99904955 0.975884  ],[18.63964083  7.90711366  6.28967685],[19.79715205 22.88118219 12.79442802],[34.18588712 31.92526162 21.02367111],[10.15790682 10.97168487 -7.41888991],[31.97221753 31.70368179 21.03875041],[14.95992611 16.22821815  0.11351443],[33.76083843 21.67566985 21.43520626],[28.1929038  26.06790477 20.63338522],[ 8.88032327 11.78767577 -6.03753748],[27.2508007  27.20532436 13.00684619]
